33,/media/images/products/dexter_electrico_l.izq_7k.PNG
37,/media/images/products/dexter._elect.l.der.7k.PNG
40,/media/images/products/eje_7000lb.PNG
41,/media/images/products/equalizador_7k.PNG
42,/media/images/products/equalizer_bolt.PNG
43,/media/images/products/tornillo_suspension_7k.PNG
44,/media/images/products/luz_de_placa_de_trailer.PNG
45,/media/images/products/cello_7k.PNG
46,/media/images/products/metal_viga_c.PNG
47,/media/images/products/varilla_7018.PNG
48,/media/images/products/pintura_negra_mate.PNG
49,/media/images/products/brake_cleaner.PNG
50,/media/images/products/papel_toalla.PNG
51,/media/images/products/grasa_de_rodamientos.PNG
52,/media/images/products/tapa_polvo.PNG
53,/media/images/products/asiento_de_eje.PNG
54,/media/images/products/kit_u.PNG
55,/media/images/products/cable_3_vias.PNG
56,/media/images/products/disco_de_corte.PNG
57,/media/images/products/freno_chino_de_7_huecos.PNG
58,/media/images/products/freno_chino_de_7_huecos_LD.PNG
59,/media/images/products/freno_chino_de_7_huecos_LD_yiDt5NM.PNG
60,/media/images/products/freno_chino_de_7_huecos_d8YJe9V.PNG
61,/media/images/products/seal_10k.PNG
62,/media/images/products/hoja_de_muelle.PNG
63,/media/images/products/hoja_de_muelle_7_hojas.PNG
64,/media/images/products/hoja_de_muelle_5_hojas.PNG
65,/media/images/products/double_start.PNG
67,/media/images/products/eje_7000lb_R52sKb4.PNG
68,/media/images/products/rodamiento_peque%C3%B1o.PNG
69,/media/images/products/cello_8k.PNG
70,/media/images/products/seal_10k_12s7y34.PNG
71,/media/images/products/filtros_diesel_13-18.PNG
73,/media/images/products/filtro_de_aceite.PNG
74,/media/images/products/galon_rotella_t6.PNG
75,/media/images/products/rin_16_8_huecos.PNG
80,/media/images/products/filtro_de_diesel_trasero_mopar.PNG
81,/media/images/products/filtro_de_aire_motor.PNG
82,/media/images/products/cable_7_pines.PNG
83,/media/images/products/pasta_de_montaje.PNG
87,/media/images/products/tambora_dexter_wHeX3UW.PNG
88,/media/images/products/iman_pequeno.PNG
89,/media/images/products/iman_grande.PNG
90,/media/images/products/iman_grande_pfTXkfQ.PNG
91,/media/images/products/hoja_de_muelle_para_eje_7k.PNG
92,/media/images/products/rodamiento_grande_7k.PNG
93,/media/images/products/razer_rodamiento_grande_7k.PNG
94,/media/images/products/razer_rodamiento_grande_7k_vzG6P0U.PNG
95,/media/images/products/oil_cap_8k.PNG
96,/media/images/products/oil_cap_8k_18qkj8Z.PNG
97,/media/images/products/oil_cap_8k_Mk1YMuV.PNG
98,/media/images/products/kit_de_freno.PNG
101,/media/images/products/conector_de_2_vias_poblacion.PNG
102,/media/images/products/conector_3_vias.PNG
103,/media/images/products/luz_redonda_amarilla.PNG
104,/media/images/products/luz_roja_redonda.PNG
105,/media/images/products/luz_bolita_roja.PNG
106,/media/images/products/bolita_amarilla.PNG
107,/media/images/products/luz_int_y_stop_oval.PNG
108,/media/images/products/luz_stop.PNG
109,/media/images/products/luz_intermintente_amarilla.PNG
110,/media/images/products/387a.PNG
111,/media/images/products/razer_rodamiento_grande_7k_sCDFS1T.PNG
112,/media/images/products/387a_Gb2w1nu.PNG
113,/media/images/products/razer_rodamiento_grande_7k_y6xnd43.PNG
114,/media/images/products/rodamiento_grande_7k_UZUWG2P.PNG
115,/media/images/products/razer_rodamiento_grande_7k_9AVZ1mk.PNG
116,/media/images/products/387a_7hED33t.PNG
117,/media/images/products/razer_rodamiento_grande_7k_F3NZinD.PNG
118,/media/images/products/Screenshot_20221224-152351_Chrome.jpg
119,/media/images/products/Screenshot_20221224-153221_Chrome.jpg
120,/media/images/products/Rin_dully.PNG
121,/media/images/products/Goma_217.PNG
122,/media/images/products/Rin_o_Willes_17.5.PNG
123,/media/images/products/W40_12oz.PNG
